observation_date,PSMEAUSDM
1992-01-01,193.3564268871000
1992-02-01,192.5627627439000
1992-03-01,194.9437551735000
1992-04-01,192.2761618033000
1992-05-01,199.5293702231000
1992-06-01,201.3040914322000
1992-07-01,192.6399245356000
1992-08-01,190.1817703143000
1992-09-01,194.9878476259000
1992-10-01,199.8710867292000
1992-11-01,199.1215150384000
1992-12-01,204.8425107373000
1993-01-01,203.3213211295000
1993-02-01,195.9689046918000
1993-03-01,199.3860697528000
1993-04-01,204.2693088561000
1993-05-01,211.5555866152000
1993-06-01,210.5304370969000
1993-07-01,250.7317305726000
1993-08-01,239.4881552106000
1993-09-01,219.9882681367000
1993-10-01,211.4894479366000
1993-11-01,227.7595628722000
1993-12-01,223.8243114955000
1994-01-01,217.1332818438000
1994-02-01,215.2483295037000
1994-03-01,213.4846314077000
1994-04-01,207.5211272206000
1994-05-01,210.8060149244000
1994-06-01,216.9899813735000
1994-07-01,199.9151791816000
1994-08-01,192.4966240653000
1994-09-01,186.3236807293000
1994-10-01,179.3350270239000
1994-11-01,175.4548912127000
1994-12-01,173.4486846285000
1995-01-01,172.5117200150000
1995-02-01,170.2850511688000
1995-03-01,177.1965430825000
1995-04-01,184.0749656569000
1995-05-01,185.6292246040000
1995-06-01,189.8510769213000
1995-07-01,199.3640235266000
1995-08-01,194.6351080067000
1995-09-01,209.8139347454000
1995-10-01,219.2276733328000
1995-11-01,230.5373873734000
1995-12-01,249.4310032268000
1996-01-01,258.3597248378000
1996-02-01,253.7079711096000
1996-03-01,251.4041404717000
1996-04-01,274.3983543983000
1996-05-01,271.6205298971000
1996-06-01,264.2460672332000
1996-07-01,272.5464713975000
1996-08-01,281.5303085740000
1996-09-01,294.0525650556000
1996-10-01,260.8950408508000
1996-11-01,255.5488309973000
1996-12-01,258.2384705937000
1997-01-01,260.6635554757000
1997-02-01,273.4503666717000
1997-03-01,301.1734961182000
1997-04-01,309.3305998122000
1997-05-01,324.9944435273000
1997-06-01,300.6554098025000
1997-07-01,284.3301793014000
1997-08-01,279.8107029304000
1997-09-01,277.9477968165000
1997-10-01,245.0438042130000
1997-11-01,259.6824984098000
1997-12-01,241.4172000031000
1998-01-01,217.8387610822000
1998-02-01,207.1132720359000
1998-03-01,188.8920660816000
1998-04-01,176.4800407310000
1998-05-01,171.3983855919000
1998-06-01,178.4201086366000
1998-07-01,188.0432863729000
1998-08-01,152.8464862446000
1998-09-01,143.2233085083000
1998-10-01,151.2481348451000
1998-11-01,160.3201569264000
1998-12-01,160.9043819207000
1999-01-01,150.1458235351000
1999-02-01,143.0579618118000
1999-03-01,144.4468740624000
1999-04-01,146.5081962121000
1999-05-01,145.2405382056000
1999-06-01,150.3662857971000
1999-07-01,143.2563778476000
1999-08-01,154.1251673642000
1999-09-01,161.6759998377000
1999-10-01,166.0080832860000
1999-11-01,164.4538243389000
1999-12-01,161.4996300281000
2000-01-01,172.4345582233000
2000-02-01,180.4704076732000
2000-03-01,185.6292246040000
2000-04-01,187.8558934502000
2000-05-01,200.9844211523000
2000-06-01,191.4935207732000
2000-07-01,175.9288850760000
2000-08-01,171.0676921989000
2000-09-01,188.0322632598000
2000-10-01,186.0040104494000
2000-11-01,194.3264608399000
2000-12-01,211.8091182165000
2001-01-01,197.5893023175000
2001-02-01,178.7067095772000
2001-03-01,169.5244563649000
2001-04-01,169.0173931623000
2001-05-01,178.0673690174000
2001-06-01,185.0449996097000
2001-07-01,194.2272528220000
2001-08-01,189.1015052305000
2001-09-01,183.9426882997000
2001-10-01,177.6264444934000
2001-11-01,177.9902072257000
2001-12-01,166.5041233755000
2002-01-01,169.5795719304000
2002-02-01,165.4459045179000
2002-03-01,174.2864412241000
2002-04-01,175.9288850760000
2002-05-01,179.8972057920000
2002-06-01,185.8276406398000
2002-07-01,204.2362395168000
2002-08-01,201.1166985095000
2002-09-01,200.2458725746000
2002-10-01,185.3536467765000
2002-11-01,183.8765496211000
2002-12-01,181.9805741679000
2003-01-01,184.8786030929048
2003-02-01,192.4171416182105
2003-03-01,191.3559943145238
2003-04-01,200.2532213166667
2003-05-01,214.1738384315238
2003-06-01,210.6044494277143
2003-07-01,200.4402802056364
2003-08-01,199.3031339494762
2003-09-01,218.1316609445714
2003-10-01,245.7099836568696
2003-11-01,262.9534621812632
2003-12-01,255.6410243068636
2004-01-01,278.4713946887500
2004-02-01,286.3920816149474
2004-03-01,331.4074990225652
2004-04-01,343.7164137624286
2004-05-01,331.6579153962500
2004-06-01,311.1073252236818
2004-07-01,291.0154349414762
2004-08-01,212.1498326214091
2004-09-01,182.6844786758571
2004-10-01,171.4461524153333
2004-11-01,170.1338770462857
2004-12-01,175.5561988711905
2005-01-01,175.1793133852000
2005-02-01,178.5454240276316
2005-03-01,207.6403772623182
2005-04-01,210.2685069332381
2005-05-01,218.0109316106190
2005-06-01,241.2157776637273
2005-07-01,238.7992106418500
2005-08-01,217.6010452518696
2005-09-01,193.5711151374762
2005-10-01,186.5793119711905
2005-11-01,192.3428253920476
2005-12-01,209.5808746398571
2006-01-01,201.9599666616500
2006-02-01,198.4334407154211
2006-03-01,192.4347987787826
2006-04-01,190.5548156681579
2006-05-01,193.2451936549091
2006-06-01,196.2615182395455
2006-07-01,187.2716684559000
2006-08-01,175.9097144445217
2006-09-01,177.5933751541000
2006-10-01,194.1170216910000
2006-11-01,214.2263294462857
2006-12-01,205.6912904460000
2007-01-01,221.7902846734762
2007-02-01,244.1039387802632
2007-03-01,239.5322476630000
2007-04-01,221.7464546761500
2007-05-01,227.6723800685909
2007-06-01,249.1590997703333
2007-07-01,252.5657666283810
2007-08-01,251.8302077563043
2007-09-01,288.7765550276316
2007-10-01,300.4277585536957
2007-11-01,315.2452873555714
2007-12-01,351.2239411487500
2008-01-01,376.3290812340000
2008-02-01,396.7108173559000
2008-03-01,379.6966422860500
2008-04-01,375.3169590311818
2008-05-01,369.3740217780476
2008-06-01,436.9142104721905
2008-07-01,452.1931518917727
2008-08-01,388.3967655277619
2008-09-01,363.7784796044286
2008-10-01,290.8424428145652
2008-11-01,292.7564790205789
2008-12-01,292.9442411384545
2009-01-01,338.4977570748000
2009-02-01,321.8691008815263
2009-03-01,314.5044482608636
2009-04-01,349.5691619083810
2009-05-01,408.1638318668000
2009-06-01,441.7161839408182
2009-07-01,385.8540530535909
2009-08-01,397.2992416313810
2009-09-01,342.1836761313810
2009-10-01,328.5388754395455
2009-11-01,337.6324426964500
2009-12-01,345.5846166969091
2010-01-01,325.8490248744737
2010-02-01,303.6635593511053
2010-03-01,292.6013482526957
2010-04-01,308.0487692317143
2010-05-01,305.7370649416000
2010-06-01,314.3190595405455
2010-07-01,335.0921400370476
2010-08-01,339.1360955334091
2010-09-01,334.0580670462381
2010-10-01,353.7474466834286
2010-11-01,376.0403806528095
2010-12-01,387.5075200185909
2011-01-01,412.0715254607500
2011-02-01,410.1584351740526
2011-03-01,393.9277209310435
2011-04-01,388.2230202689000
2011-05-01,388.2550397879048
2011-06-01,391.5359668060455
2011-07-01,389.2867506830500
2011-08-01,393.7983191685652
2011-09-01,381.8458868854762
2011-10-01,347.4537740134762
2011-11-01,329.0924170497619
2011-12-01,320.6833564849048
2012-01-01,347.6028484954000
2012-02-01,364.4902577646000
2012-03-01,405.2346900857727
2012-04-01,440.6158768332000
2012-05-01,459.4183014782273
2012-06-01,464.0153213937619
2012-07-01,552.5361686882381
2012-08-01,585.7538521603913
2012-09-01,559.5564275098947
2012-10-01,519.9075256904348
2012-11-01,490.5967712691905
2012-12-01,489.6852647978500
2013-01-01,456.8135541684286
2013-02-01,469.1552968129474
2013-03-01,467.9531973212000
2013-04-01,446.3609229606818
2013-05-01,476.7446310690455
2013-06-01,503.5633641907500
2013-07-01,528.3378108830000
2013-08-01,470.9875597272727
2013-09-01,490.1923280004500
2013-10-01,460.8284321323043
2013-11-01,461.6534881845500
2013-12-01,495.0007674077143
2014-01-01,473.7471555306190
2014-02-01,499.3586267069474
2014-03-01,506.6905163951905
2014-04-01,533.6341542724762
2014-05-01,542.7780890440000
2014-06-01,519.2726126336190
2014-07-01,451.0206934984091
2014-08-01,447.8218433397143
2014-09-01,409.1044708513333
2014-10-01,378.8212633261739
2014-11-01,423.2527332091579
2014-12-01,418.0866378591818
2015-01-01,379.0407670566000
2015-02-01,374.2520946604211
2015-03-01,364.8600331040455
2015-04-01,349.7108876482381
2015-05-01,340.4708943197000
2015-06-01,353.9020565814545
2015-07-01,394.6424804978636
2015-08-01,370.4080947688571
2015-09-01,342.9552940483810
2015-10-01,338.2141624377727
2015-11-01,320.3426897991000
2015-12-01,303.8621336134091
2016-01-01,297.1773275375263
2016-02-01,291.3684370157500
2016-03-01,296.1810279850909
2016-04-01,327.7014051585714
2016-05-01,407.4982457996190
2016-06-01,443.4147454594091
2016-07-01,403.2805927635000
2016-08-01,364.4816309804348
2016-09-01,342.2466653490952
2016-10-01,337.1235423083333
2016-11-01,345.7005741204286
2016-12-01,345.8370507588095
2017-01-01,364.7052084700500
2017-02-01,371.3744819774737
2017-03-01,356.8852682571739
2017-04-01,342.6331649788421
2017-05-01,341.0350772901818
2017-06-01,330.3827416308182
2017-07-01,357.2370493448000
2017-08-01,329.5910816900000
2017-09-01,336.4364349251000
2017-10-01,347.4184618762727
2017-11-01,349.9051044028571
2017-12-01,355.7599521894000
2018-01-01,359.3009960452381
2018-02-01,397.3948305319474
2018-03-01,413.5347124972381
2018-04-01,419.7391504420952
2018-05-01,423.8437092009545
2018-06-01,381.3419731437619
2018-07-01,365.1327477852857
2018-08-01,356.1376136295217
2018-09-01,340.1732702660000
2018-10-01,344.1799322449565
2018-11-01,338.7560128674286
2018-12-01,340.2118511618500
2019-01-01,344.7294903473333
2019-02-01,338.0440689461579
2019-03-01,337.6169578470952
2019-04-01,337.0972968009524
2019-05-01,328.8595478206364
2019-06-01,350.1877685173500
2019-07-01,337.7431748780455
2019-08-01,323.3580122825455
2019-09-01,322.1670150171500
2019-10-01,335.3374784756087
2019-11-01,331.5917767176500
2019-12-01,327.9953548412381
2020-01-01,327.9796075368095
2020-02-01,320.6449551635789
2020-03-01,341.4559597903636
2020-04-01,321.8171624037619
2020-05-01,313.9878650969500
2020-06-01,316.1027996603636
2020-07-01,319.0640086795000
2020-08-01,319.5390523630952
2020-09-01,355.3589208366190
2020-10-01,405.2146480619545
2020-11-01,430.2376158495500
2020-12-01,442.1070034052727
2021-01-01,488.2484890298421
2021-02-01,472.6478831741053
2021-03-01,450.3516820294348
2021-04-01,453.3605997791818
2021-05-01,457.0130200245238
2021-06-01,412.2644299400000
2021-07-01,397.5511985022381
2021-08-01,390.9697796331818
2021-09-01,372.6599593021429
2021-10-01,355.3746681410476
2021-11-01,388.3022817011905
2021-12-01,425.1965458086818
2022-01-01,456.7537144116000
2022-02-01,496.5100222163684
2022-03-01,529.2004892995217
2022-04-01,504.9950566183810
2022-05-01,463.9377778492273
2022-06-01,472.7712998470909
2022-07-01,510.7533209377619
2022-08-01,527.1108904683913
2022-09-01,484.0750012805455
2022-10-01,453.5696094561429
2022-11-01,454.8537305536364
2022-12-01,500.2088304541818
2023-01-01,534.9266262132273
2023-02-01,543.2575944638500
2023-03-01,523.9525289323478
2023-04-01,496.8392651997500
2023-05-01,459.0551487205652
2023-06-01,448.3601148365455
2023-07-01,479.6681419957619
2023-08-01,470.1980782673043
2023-09-01,439.4390282822381
2023-10-01,440.7792193273182
2023-11-01,498.7106891737727
2023-12-01,454.2414944450952
2024-01-01,401.4186451811739
2024-02-01,379.7200007876190
2024-03-01,371.3161893242381
2024-04-01,373.2325885540909
2024-05-01,408.1571221457826
2024-06-01,399.6595001101500
2024-07-01,393.9948181412174
2024-08-01,355.4753554511818
2024-09-01,354.2881041354762
2024-10-01,350.3528755809565
2024-11-01,322.2318414203810
2024-12-01,319.9909522810909
2025-01-01,332.6919313316087
2025-02-01,327.9596609512000
2025-03-01,325.9167106566667
2025-04-01,321.9500601093182
2025-05-01,318.9781140569300
2025-06-01,313.1158310655980
2025-07-01,245.5437327248165
2025-08-01,281.3619931484271
2025-09-01,325.7359283466679
2025-10-01,297.8137089872620
2025-11-01,319.0816163775602
2025-12-01,305.5506355141425
2026-01-01,286.1949177974116
2026-02-01,287.7815574654268
2026-03-01,312.4266867864314
2026-04-01,317.1431873648664
2026-05-01,322.0874319356683
2026-06-01,296.1593875998523
